EMAIL,PWD,UN,FN,LN
Greg0g1john,password#123,Hilbert_Cummerata54,Hilbert_Cummerata54,Murray-Maggio
Margaretta40il,password#123,Mckenzie.Purdy46,Mckenzie.Purdy46,Lowe
Heaven0.Shanahan6ll1,password#123,Brent_Howe,Brent_Howe,Hermann
Camron14lpppi,password#123,Krista_DuBuque6,Krista_DuBuque6,Wilkinson
Arvel.Lueilwitz09ks,password#123,Helen93,Helen93,Luettgen
Trever76ksssi,password#123,Ned45,Ned45,Boyle
Leonora1i8kkkk,password#123,Hanna.Flatley,Hanna.Flatley,Carroll-Okuneva
Yasmin.MacGyver6i1k,password#123,Wilford44,Wilford44,Bogan
Vernice84i,password#123,Santiago_Friesen81,Santiago_Friesen81,Ferry
Royal24plki,password#123,Carlee87,Carlee87,Parker